"Type","Name","Timestamp","# requests","# failures","Requests/s","Requests Failed/s","Median response time","Average response time","Min response time","Max response time","Average Content Size","50%","66%","75%","80%","90%","95%","98%","99%","99.9%","99.99%","99.999","100%"
"None","Aggregated","1590657388",0,0,0.00,0.00,0,0,0,0.00,0.00,"N/A","N/A","N/A","N/A","N/A","N/A","N/A","N/A","N/A","N/A","N/A","N/A"
"None","Aggregated","1590657390",1,0,0.00,0.00,403,403,403,403.00,0.00,400,400,400,400,400,400,400,400,400,400,400,400
"None","Aggregated","1590657392",2,0,0.50,0.00,380,389,376,403.00,0.00,400,400,400,400,400,400,400,400,400,400,400,400
"None","Aggregated","1590657394",5,0,0.25,0.00,380,777,178,2693.00,0.00,380,400,400,2700,2700,2700,2700,2700,2700,2700,2700,2700
"None","Aggregated","1590657396",12,0,0.67,0.00,240,976,150,6481.00,0.00,300,320,400,400,2700,6500,6500,6500,6500,6500,6500,6500
"None","Aggregated","1590657399",31,0,1.78,0.00,240,1569,58,9472.00,52.26,240,380,2700,3500,6500,8900,9500,9500,9500,9500,9500,9500
"None","Aggregated","1590657401",56,0,3.20,0.00,180,1344,41,9472.00,105.80,180,240,480,2700,5400,8900,8900,9500,9500,9500,9500,9500
"None","Aggregated","1590657403",105,0,6.10,0.00,150,1071,12,11644.00,4857.79,150,180,260,350,3800,8900,11000,12000,12000,12000,12000,12000
"None","Aggregated","1590657405",171,0,11.70,0.00,140,754,12,11644.00,5045.11,130,150,200,260,2200,6500,8900,11000,12000,12000,12000,12000
"None","Aggregated","1590657407",202,0,16.50,0.00,130,657,12,11644.00,5147.38,120,150,160,250,530,3800,8900,11000,12000,12000,12000,12000
"None","Aggregated","1590657409",243,0,18.10,0.00,110,562,10,11644.00,5028.49,94,150,150,160,300,510,6600,11000,12000,12000,12000,12000
"None","Aggregated","1590657412",309,0,21.90,0.00,100,474,9,11644.00,4561.68,79,130,150,150,260,420,530,580,7400,7400,7400,7400
"None","Aggregated","1590657414",345,0,23.50,0.00,100,435,9,11644.00,5115.07,73,130,150,150,230,320,440,540,7400,7400,7400,7400
"None","Aggregated","1590657416",375,0,24.30,0.00,100,412,8,11644.00,5648.17,72,130,150,150,210,280,420,440,2600,2600,2600,2600
"None","Aggregated","1590657418",444,0,22.50,0.00,120,407,8,11644.00,5602.19,130,150,230,280,630,830,1100,1100,2600,2600,2600,2600
"None","Aggregated","1590657420",491,0,21.60,0.00,130,393,8,11644.00,5453.43,150,180,260,360,650,860,1100,1100,2600,2600,2600,2600
"None","Aggregated","1590657422",527,0,22.00,0.00,140,399,8,11644.00,5108.08,170,310,450,540,800,990,1200,1300,1700,1700,1700,1700
"None","Aggregated","1590657424",566,0,17.30,0.00,150,420,8,11644.00,5412.13,250,460,700,740,1100,1300,1800,1900,1900,1900,1900,1900
"None","Aggregated","1590657427",619,0,21.50,0.00,150,408,8,11644.00,5855.95,190,360,500,700,1100,1500,1800,1900,3000,3000,3000,3000
"None","Aggregated","1590657429",658,0,20.00,0.00,150,391,8,11644.00,5802.81,170,300,440,600,1100,1400,1800,1900,3000,3000,3000,3000
"None","Aggregated","1590657431",709,0,21.50,0.00,150,372,8,11644.00,5416.10,150,240,320,430,900,1300,1800,1900,3000,3000,3000,3000
"None","Aggregated","1590657433",762,0,23.00,0.00,140,353,8,11644.00,5798.21,120,150,210,250,420,730,1800,1800,3000,3000,3000,3000
"None","Aggregated","1590657435",821,0,21.40,0.00,130,333,8,11644.00,5637.71,70,140,150,160,250,290,410,460,3000,3000,3000,3000
"None","Aggregated","1590657438",858,0,22.90,0.00,120,324,8,11644.00,5627.23,67,120,150,150,190,240,280,400,450,450,450,450
"None","Aggregated","1590657440",899,0,21.70,0.00,120,315,8,11644.00,5802.48,65,99,150,150,170,260,400,450,490,490,490,490
"None","Aggregated","1590657442",965,0,21.30,0.00,110,300,8,11644.00,5832.80,67,93,150,150,150,250,320,420,490,490,490,490
"None","Aggregated","1590657445",1024,0,21.80,0.00,100,288,8,11644.00,6077.07,72,130,150,150,160,250,330,450,490,490,490,490
"None","Aggregated","1590657447",1056,0,22.00,0.00,99,282,8,11644.00,5902.51,68,100,150,150,160,220,270,390,490,490,490,490
"None","Aggregated","1590657449",1120,0,23.40,0.00,97,273,8,11644.00,5762.65,70,110,150,150,170,250,380,390,540,540,540,540
"None","Aggregated","1590657449",1120,0,23.40,0.00,97,273,8,11644.00,5762.65,70,110,150,150,170,250,380,390,540,540,540,540
